# Host: localhost  (Version: 5.7.9-log)
# Date: 2015-12-15 14:22:00
# Generator: MySQL-Front 5.3  (Build 4.249)

/*!40101 SET NAMES utf8 */;

#
# Structure for table "cidade"
#

DROP TABLE IF EXISTS `cidade`;
CREATE TABLE `cidade` (
  `Id` varchar(25) NOT NULL,
  `IdEstado` varchar(25) NOT NULL,
  `CodigoMunicipio` varchar(25) NOT NULL,
  `Nome` varchar(25) NOT NULL,
  `Uf` varchar(20) NOT NULL,
  PRIMARY KEY (`Id`)
) ENGINE=InnoDB DEFAULT CHARSET=latin1 ROW_FORMAT=COMPACT;

#
# Data for table "cidade"
#

INSERT INTO `cidade` VALUES ('1','9','5200050','Abadia de Goiás','GO'),('10','24','4200051','Abdon Batista','SC'),('100','5','2900801','Alcobaça','BA'),('101','10','2100303','Aldeias Altas','MA'),('102','21','4300307','Alecrim','RS'),('103','8','3200201','Alegre','ES'),('104','21','4300406','Alegrete','RS'),('105','18','2200277','Alegrete do Piauí','PI'),('106','21','4300455','Alegria','RS'),('107','13','3101508','Além Paraíba','MG'),('108','14','1500404','Alenquer','PA'),('109','20','2400505','Alexandria','RN'),('11','14','1500131','Abel Figueiredo','PA'),('110','9','5200308','Alexânia','GO'),('111','13','3101607','Alfenas','MG'),('112','8','3200300','Alfredo Chaves','ES'),('113','25','3500808','Alfredo Marcondes','SP'),('114','13','3101631','Alfredo Vasconcelos','MG'),('115','24','4200705','Alfredo Wagner','SC'),('116','15','2500577','Algodão de Jandaíra','PB'),('117','15','2500601','Alhandra','PB'),('118','17','2600708','Aliança','PE'),('119','27','1700350','Aliança do Tocantins','TO'),('12','24','4200101','Abelardo Luz','SC'),('120','5','2900900','Almadina','BA'),('121','27','1700400','Almas','TO'),('122','14','1500503','Almeirim','PA'),('123','13','3101706','Almenara','MG'),('124','20','2400604','Almino Afonso','RN'),('125','16','4100400','Almirante Tamandaré','PR'),('127','9','5200506','Aloândia','GO'),('128','13','3101805','Alpercata','MG'),('129','21','4300505','Alpestre','RS'),('13','13','3100302','Abre Campo','MG'),('130','13','3101904','Alpinópolis','MG'),('131','11','5100250','Alta Floresta','MT'),('132','22','1100015','Alta Floresta D\'Oeste','RO'),('133','25','3500907','Altair','SP'),('134','14','1500602','Altamira','PA'),('135','10','2100402','Altamira do Maranhão','MA'),('136','16','4100459','Altamira do Paraná','PR'),('137','6','2300606','Altaneira','CE'),('138','13','3102001','Alterosa','MG'),('139','17','2600807','Altinho','PE'),('14','17','2600054','Abreu e Lima','PE'),('140','25','3501004','Altinópolis','SP'),('141','23','1400050','Alto Alegre','RR'),('142','21','4300554','Alto Alegre','RS'),('143','25','3501103','Alto Alegre','SP'),('144','10','2100436','Alto Alegre do Maranhão','MA'),('145','10','2100477','Alto Alegre do Pindaré','MA'),('146','22','1100379','Alto Alegre dos Parecis','RO'),('147','11','5100300','Alto Araguaia','MT'),('148','24','4200754','Alto Bela Vista','SC'),('149','11','5100359','Alto Boa Vista','MT'),('15','27','1700251','Abreulândia','TO'),('150','13','3102050','Alto Caparaó','MG'),('151','20','2400703','Alto do Rodrigues','RN'),('152','21','4300570','Alto Feliz','RS'),('153','11','5100409','Alto Garças','MT'),('154','9','5200555','Alto Horizonte','GO'),('155','13','3153509','Alto Jequitibá','MG'),('156','18','2200301','Alto Longá','PI'),('157','11','5100508','Alto Paraguai','MT'),('158','16','4128625','Alto Paraíso','PR'),('159','22','1100403','Alto Paraíso','RO'),('16','13','3100401','Acaiaca','MG'),('160','9','5200605','Alto Paraíso de Goiás','GO'),('161','16','4100608','Alto Paraná','PR'),('162','10','2100501','Alto Parnaíba','MA'),('163','16','4100707','Alto Piquiri','PR'),('164','13','3102100','Alto Rio Doce','MG'),('165','8','3200359','Alto Rio Novo','ES'),('166','6','2300705','Alto Santo','CE'),('167','11','5100607','Alto Taquari','MT'),('168','16','4100509','Altônia','PR'),('169','18','2200400','Altos','PI'),('17','10','2100055','Açailândia','MA'),('170','25','3501152','Alumínio','SP'),('171','4','1300029','Alvarães','AM'),('172','13','3102209','Alvarenga','MG'),('173','25','3501202','Álvares Florence','SP'),('174','25','3501301','Álvares Machado','SP'),('175','25','3501400','Álvaro de Carvalho','SP'),('176','25','3501509','Alvinlândia','SP'),('177','13','3102308','Alvinópolis','MG'),('178','21','4300604','Alvorada','RS'),('179','27','1700707','Alvorada','TO'),('18','5','2900306','Acajutiba','BA'),('180','13','3102407','Alvorada de Minas','MG'),('181','18','2200459','Alvorada do Gurguéia','PI'),('182','9','5200803','Alvorada do Norte','GO'),('183','16','4100806','Alvorada do Sul','PR'),('184','22','1100346','Alvorada D\'Oeste','RO'),('185','23','1400027','Amajari','RR'),('186','12','5000609','Amambai','MS'),('187','3','1600105','Amapá','AP'),('188','10','2100550','Amapá do Maranhão','MA'),('189','16','4100905','Amaporã','PR'),('19','14','1500206','Acará','PA'),('190','17','2600906','Amaraji','PE'),('191','21','4300638','Amaral Ferrador','RS'),('192','9','5200829','Amaralina','GO'),('193','18','2200509','Amarante','PI'),('194','10','2100600','Amarante do Maranhão','MA'),('195','5','2901007','Amargosa','BA'),('196','4','1300060','Amaturá','AM'),('197','5','2901106','Amélia Rodrigues','BA'),('198','5','2901155','América Dourada','BA'),('199','25','3501608','Americana','SP'),('2','13','3100104','Abadia dos Dourados','MG'),('20','6','2300150','Acarape','CE'),('200','9','5200852','Americano do Brasil','GO'),('201','25','3501707','Américo Brasiliense','SP'),('202','25','3501806','Américo de Campos','SP'),('203','21','4300646','Ametista do Sul','RS'),('204','6','2300754','Amontada','CE'),('205','9','5200902','Amorinópolis','GO'),('206','15','2500734','Amparo','PB'),('207','25','3501905','Amparo','SP'),('208','26','2800100','Amparo de São Francisco','SE'),('209','13','3102506','Amparo do Serra','MG'),('21','6','2300200','Acaraú','CE'),('210','16','4101002','Ampére','PR'),('211','2','2700201','Anadia','AL'),('212','5','2901205','Anagé','BA'),('213','16','4101051','Anahy','PR'),('214','14','1500701','Anajás','PA'),('215','10','2100709','Anajatuba','MA'),('216','25','3502002','Analândia','SP'),('217','4','1300086','Anamã','AM'),('218','27','1701002','Ananás','TO'),('219','14','1500800','Ananindeua','PA'),('22','20','2400109','Acari','RN'),('220','9','5201108','Anápolis','GO'),('221','14','1500859','Anapu','PA'),('222','10','2100808','Anapurus','MA'),('223','12','5000708','Anastácio','MS'),('224','12','5000807','Anaurilândia','MS'),('225','8','3200409','Anchieta','ES'),('226','24','4200804','Anchieta','SC'),('227','5','2901304','Andaraí','BA'),('228','16','4101101','Andirá','PR'),('229','5','2901353','Andorinha','BA'),('23','18','2200053','Acauã','PI'),('230','13','3102605','Andradas','MG'),('231','25','3502101','Andradina','SP'),('232','21','4300661','André da Rocha','RS'),('233','13','3102803','Andrelândia','MG'),('234','25','3502200','Angatuba','SP'),('235','13','3102852','Angelândia','MG'),('236','12','5000856','Angélica','MS'),('237','17','2601003','Angelim','PE'),('238','24','4200903','Angelina','SC'),('239','5','2901403','Angical','BA'),('24','21','4300034','Aceguá','RS'),('240','18','2200608','Angical do Piauí','PI'),('241','27','1701051','Angico','TO'),('242','20','2400802','Angicos','RN'),('243','19','3300100','Angra dos Reis','RJ'),('244','5','2901502','Anguera','BA'),('245','16','4101150','Ângulo','PR'),('246','9','5201207','Anhanguera','GO'),('247','25','3502309','Anhembi','SP'),('248','25','3502408','Anhumas','SP'),('249','9','5201306','Anicuns','GO'),('25','6','2300309','Acopiara','CE'),('250','18','2200707','Anísio de Abreu','PI'),('251','24','4201000','Anita Garibaldi','SC'),('252','24','4201109','Anitápolis','SC'),('253','4','1300102','Anori','AM'),('254','21','4300703','Anta Gorda','RS'),('255','5','2901601','Antas','BA'),('256','16','4101200','Antonina','PR'),('257','6','2300804','Antonina do Norte','CE'),('258','18','2200806','Antônio Almeida','PI'),('259','5','2901700','Antônio Cardoso','BA'),('26','11','5100102','Acorizal','MT'),('260','13','3102902','Antônio Carlos','MG'),('261','24','4201208','Antônio Carlos','SC'),('262','13','3103009','Antônio Dias','MG'),('263','5','2901809','Antônio Gonçalves','BA'),('264','12','5000906','Antônio João','MS'),('265','20','2400901','Antônio Martins','RN'),('266','16','4101309','Antônio Olinto','PR'),('267','21','4300802','Antônio Prado','RS'),('268','13','3103108','Antônio Prado de Minas','MG'),('269','15','2500775','Aparecida','PB'),('27','1','1200013','Acrelândia','AC'),('270','25','3502507','Aparecida','SP'),('271','9','5201405','Aparecida de Goiânia','GO'),('272','9','5201454','Aparecida do Rio Doce','GO'),('273','27','1701101','Aparecida do Rio Negro','TO'),('274','12','5001003','Aparecida do Taboado','MS'),('275','25','3502606','Aparecida d\'Oeste','SP'),('276','19','3300159','Aperibé','RJ'),('277','8','3200508','Apiacá','ES'),('278','11','5100805','Apiacás','MT'),('279','25','3502705','Apiaí','SP'),('28','9','5200134','Acreúna','GO'),('280','10','2100832','Apicum-Açu','MA'),('281','24','4201257','Apiúna','SC'),('282','20','2401008','Apodi','RN'),('283','5','2901908','Aporá','BA'),('284','9','5201504','Aporé','GO'),('285','5','2901957','Apuarema','BA'),('286','16','4101408','Apucarana','PR'),('287','4','1300144','Apuí','AM'),('288','6','2300903','Apuiarés','CE'),('289','26','2800209','Aquidabã','SE'),('29','20','2400208','Açu','RN'),('290','12','5001102','Aquidauana','MS'),('291','6','2301000','Aquiraz','CE'),('292','24','4201273','Arabutã','SC'),('293','15','2500809','Araçagi','PB'),('294','13','3103207','Araçaí','MG'),('295','26','2800308','Aracaju','SE'),('296','25','3502754','Araçariguama','SP'),('297','5','2902054','Araças','BA'),('298','6','2301109','Aracati','CE'),('299','5','2902005','Aracatu','BA'),('3','9','5200100','Abadiânia','GO'),('30','13','3100500','Açucena','MG'),('300','25','3502804','Araçatuba','SP'),('301','5','2902104','Araci','BA'),('302','13','3103306','Aracitaba','MG'),('303','6','2301208','Aracoiaba','CE'),('304','17','2601052','Araçoiaba','PE'),('305','25','3502903','Araçoiaba da Serra','SP'),('306','8','3200607','Aracruz','ES'),('307','9','5201603','Araçu','GO'),('308','13','3103405','Araçuaí','MG'),('309','9','5201702','Aragarças','GO'),('31','25','3500105','Adamantina','SP'),('310','9','5201801','Aragoiânia','GO'),('311','27','1701309','Aragominas','TO'),('312','27','1701903','Araguacema','TO'),('313','27','1702000','Araguaçu','TO'),('314','11','5101001','Araguaiana','MT'),('315','27','1702109','Araguaína','TO'),('316','11','5101209','Araguainha','MT'),('317','10','2100873','Araguanã','MA'),('318','27','1702158','Araguanã','TO'),('319','9','5202155','Araguapaz','GO'),('32','9','5200159','Adelândia','GO'),('320','13','3103504','Araguari','MG'),('321','27','1702208','Araguatins','TO'),('322','10','2100907','Araioses','MA'),('323','12','5001243','Aral Moreira','MS'),('324','5','2902203','Aramari','BA'),('325','21','4300851','Arambaré','RS'),('326','10','2100956','Arame','MA'),('327','25','3503000','Aramina','SP'),('328','25','3503109','Arandu','SP'),('329','13','3103603','Arantina','MG'),('33','25','3500204','Adolfo','SP'),('330','25','3503158','Arapeí','SP'),('331','2','2700300','Arapiraca','AL'),('332','27','1702307','Arapoema','TO'),('333','13','3103702','Araponga','MG'),('334','16','4101507','Arapongas','PR'),('335','13','3103751','Araporã','MG'),('336','16','4101606','Arapoti','PR'),('337','13','3103801','Arapuá','MG'),('338','16','4101655','Arapuã','PR'),('339','11','5101258','Araputanga','MT'),('34','16','4100202','Adrianópolis','PR'),('340','24','4201307','Araquari','SC'),('341','15','2500908','Arara','PB'),('342','24','4201406','Araranguá','SC'),('343','25','3503208','Araraquara','SP'),('344','25','3503307','Araras','SP'),('345','6','2301257','Ararendá','CE'),('346','10','2101004','Arari','MA'),('347','21','4300877','Araricá','RS'),('348','6','2301307','Araripe','CE'),('349','17','2601102','Araripina','PE'),('35','5','2900355','Adustina','BA'),('350','19','3300209','Araruama','RJ'),('351','15','2501005','Araruna','PB'),('352','16','4101705','Araruna','PR'),('353','5','2902252','Arataca','BA'),('354','21','4300901','Aratiba','RS'),('355','6','2301406','Aratuba','CE'),('356','5','2902302','Aratuípe','BA'),('357','26','2800407','Arauá','SE'),('358','16','4101804','Araucária','PR'),('359','13','3103900','Araújos','MG'),('36','17','2600104','Afogados da Ingazeira','PE'),('360','13','3104007','Araxá','MG'),('361','13','3104106','Arceburgo','MG'),('362','25','3503356','Arco-Íris','SP'),('363','13','3104205','Arcos','MG'),('364','17','2601201','Arcoverde','PE'),('365','13','3104304','Areado','MG'),('366','19','3300225','Areal','RJ'),('367','25','3503406','Arealva','SP'),('368','15','2501104','Areia','PB'),('369','20','2401107','Areia Branca','RN'),('37','20','2400307','Afonso Bezerra','RN'),('370','26','2800506','Areia Branca','SE'),('371','15','2501153','Areia de Baraúnas','PB'),('372','15','2501203','Areial','PB'),('373','25','3503505','Areias','SP'),('374','25','3503604','Areiópolis','SP'),('375','11','5101308','Arenápolis','MT'),('376','9','5202353','Arenópolis','GO'),('377','20','2401206','Arês','RN'),('378','13','3104403','Argirita','MG'),('379','13','3104452','Aricanduva','MG'),('38','8','3200102','Afonso Cláudio','ES'),('380','13','3104502','Arinos','MG'),('381','11','5101407','Aripuanã','MT'),('382','22','1100023','Ariquemes','RO'),('383','25','3503703','Ariranha','SP'),('384','16','4101853','Ariranha do Ivaí','PR'),('385','19','3300233','Armação dos Búzios','RJ'),('386','24','4201505','Armazém','SC'),('387','6','2301505','Arneiroz','CE'),('388','18','2200905','Aroazes','PI'),('389','15','2501302','Aroeiras','PB'),('39','10','2100105','Afonso Cunha','MA'),('390','18','2200954','Aroeiras do Itaim','PI'),('391','18','2201002','Arraial','PI'),('392','19','3300258','Arraial do Cabo','RJ'),('393','27','1702406','Arraias','TO'),('394','21','4301008','Arroio do Meio','RS'),('395','21','4301073','Arroio do Padre','RS'),('396','21','4301057','Arroio do Sal','RS'),('397','21','4301206','Arroio do Tigre','RS'),('398','21','4301107','Arroio dos Ratos','RS'),('399','21','4301305','Arroio Grande','RS'),('4','13','3100203','Abaeté','MG'),('40','17','2600203','Afrânio','PE'),('400','24','4201604','Arroio Trinta','SC'),('401','25','3503802','Artur Nogueira','SP'),('402','9','5202502','Aruanã','GO'),('403','25','3503901','Arujá','SP'),('404','24','4201653','Arvoredo','SC'),('405','21','4301404','Arvorezinha','RS'),('406','24','4201703','Ascurra','SC'),('407','25','3503950','Aspásia','SP'),('408','16','4101903','Assaí','PR'),('409','6','2301604','Assaré','CE'),('41','14','1500305','Afuá','PA'),('410','25','3504008','Assis','SP'),('411','1','1200054','Assis Brasil','AC'),('412','16','4102000','Assis Chateaubriand','PR'),('413','15','2501351','Assunção','PB'),('414','18','2201051','Assunção do Piauí','PI'),('415','13','3104601','Astolfo Dutra','MG'),('416','16','4102109','Astorga','PR'),('417','2','2700409','Atalaia','AL'),('418','16','4102208','Atalaia','PR'),('419','4','1300201','Atalaia do Norte','AM'),('42','17','2600302','Agrestina','PE'),('420','24','4201802','Atalanta','SC'),('421','13','3104700','Ataléia','MG'),('422','25','3504107','Atibaia','SP'),('423','8','3200706','Atilio Vivacqua','ES'),('424','27','1702554','Augustinópolis','TO'),('425','14','1500909','Augusto Corrêa','PA'),('426','13','3104809','Augusto de Lima','MG'),('427','21','4301503','Augusto Pestana','RS'),('428','20','2401305','Augusto Severo','RN'),('429','21','4301552','Áurea','RS'),('43','18','2200103','Agricolândia','PI'),('430','5','2902401','Aurelino Leal','BA'),('431','25','3504206','Auriflama','SP'),('432','9','5202601','Aurilândia','GO'),('433','6','2301703','Aurora','CE'),('434','24','4201901','Aurora','SC'),('435','14','1500958','Aurora do Pará','PA'),('436','27','1702703','Aurora do Tocantins','TO'),('437','4','1300300','Autazes','AM'),('438','25','3504305','Avaí','SP'),('439','25','3504404','Avanhandava','SP'),('44','24','4200200','Agrolândia','SC'),('440','25','3504503','Avaré','SP'),('441','14','1501006','Aveiro','PA'),('442','18','2201101','Avelino Lopes','PI'),('443','9','5202809','Avelinópolis','GO'),('444','10','2101103','Axixá','MA'),('445','27','1702901','Axixá do Tocantins','TO'),('446','27','1703008','Babaçulândia','TO'),('447','10','2101202','Bacabal','MA'),('448','10','2101251','Bacabeira','MA'),('449','10','2101301','Bacuri','MA'),('45','24','4200309','Agronômica','SC'),('450','10','2101350','Bacurituba','MA'),('451','25','3504602','Bady Bassitt','SP'),('452','13','3104908','Baependi','MG'),('453','21','4301602','Bagé','RS'),('454','14','1501105','Bagre','PA'),('455','15','2501401','Baía da Traição','PB'),('456','20','2401404','Baía Formosa','RN'),('457','5','2902500','Baianópolis','BA'),('458','14','1501204','Baião','PA'),('459','5','2902609','Baixa Grande','BA'),('46','14','1500347','Água Azul do Norte','PA'),('460','18','2201150','Baixa Grande do Ribeiro','PI'),('461','6','2301802','Baixio','CE'),('462','8','3200805','Baixo Guandu','ES'),('463','25','3504701','Balbinos','SP'),('464','13','3105004','Baldim','MG'),('465','9','5203104','Baliza','GO'),('466','24','4201950','Balneário Arroio do Silva','SC'),('467','24','4202057','Balneário Barra do Sul','SC'),('468','24','4202008','Balneário Camboriú','SC'),('469','24','4202073','Balneário Gaivota','SC'),('47','13','3100609','Água Boa','MG'),('470','24','4212809','Balneário Piçarras','SC'),('471','21','4301636','Balneário Pinhal','RS'),('472','16','4102307','Balsa Nova','PR'),('473','25','3504800','Bálsamo','SP'),('474','10','2101400','Balsas','MA'),('475','13','3105103','Bambuí','MG'),('476','6','2301851','Banabuiú','CE'),('477','25','3504909','Bananal','SP'),('478','15','2501500','Bananeiras','PB'),('479','13','3105202','Bandeira','MG'),('48','11','5100201','Água Boa','MT'),('480','13','3105301','Bandeira do Sul','MG'),('481','24','4202081','Bandeirante','SC'),('482','12','5001508','Bandeirantes','MS'),('483','16','4102406','Bandeirantes','PR'),('484','27','1703057','Bandeirantes do Tocantins','TO'),('485','14','1501253','Bannach','PA'),('486','5','2902658','Banzaê','BA'),('487','21','4301651','Barão','RS'),('488','25','3505005','Barão de Antonina','SP'),('489','13','3105400','Barão de Cocais','MG'),('49','2','2700102','Água Branca','AL'),('490','21','4301701','Barão de Cotegipe','RS'),('491','10','2101509','Barão de Grajaú','MA'),('492','11','5101605','Barão de Melgaço','MT'),('493','13','3105509','Barão de Monte Alto','MG'),('494','21','4301750','Barão do Triunfo','RS'),('495','15','2501534','Baraúna','PB'),('496','20','2401453','Baraúna','RN'),('497','13','3105608','Barbacena','MG'),('498','6','2301901','Barbalha','CE'),('499','25','3505104','Barbosa','SP'),('5','14','1500107','Abaetetuba','PA'),('50','15','2500106','Água Branca','PB'),('500','16','4102505','Barbosa Ferraz','PR'),('501','14','1501303','Barcarena','PA'),('502','20','2401503','Barcelona','RN'),('503','4','1300409','Barcelos','AM'),('504','25','3505203','Bariri','SP'),('505','5','2902708','Barra','BA'),('506','24','4202099','Barra Bonita','SC'),('507','25','3505302','Barra Bonita','SP'),('508','5','2902807','Barra da Estiva','BA'),('509','18','2201176','Barra D\'Alcântara','PI'),('51','18','2200202','Água Branca','PI'),('510','17','2601300','Barra de Guabiraba','PE'),('511','15','2501609','Barra de Santa Rosa','PB'),('512','15','2501575','Barra de Santana','PB'),('513','2','2700508','Barra de Santo Antônio','AL'),('514','8','3200904','Barra de São Francisco','ES'),('515','2','2700607','Barra de São Miguel','AL'),('516','15','2501708','Barra de São Miguel','PB'),('517','11','5101704','Barra do Bugres','MT'),('518','25','3505351','Barra do Chapéu','SP'),('519','5','2902906','Barra do Choça','BA'),('52','12','5000203','Água Clara','MS'),('520','10','2101608','Barra do Corda','MA'),('521','11','5101803','Barra do Garças','MT'),('522','21','4301859','Barra do Guarita','RS'),('523','16','4102703','Barra do Jacaré','PR'),('524','5','2903003','Barra do Mendes','BA'),('525','27','1703073','Barra do Ouro','TO'),('526','19','3300308','Barra do Piraí','RJ'),('527','21','4301875','Barra do Quaraí','RS'),('528','21','4301909','Barra do Ribeiro','RS'),('529','21','4301925','Barra do Rio Azul','RS'),('53','13','3100708','Água Comprida','MG'),('530','5','2903102','Barra do Rocha','BA'),('531','25','3505401','Barra do Turvo','SP'),('532','26','2800605','Barra dos Coqueiros','SE'),('533','21','4301958','Barra Funda','RS'),('534','13','3105707','Barra Longa','MG'),('535','19','3300407','Barra Mansa','RJ'),('536','24','4202107','Barra Velha','SC'),('537','16','4102604','Barracão','PR'),('538','21','4301800','Barracão','RS'),('539','18','2201200','Barras','PI'),('54','24','4200408','Água Doce','SC'),('540','6','2301950','Barreira','CE'),('541','5','2903201','Barreiras','BA'),('542','18','2201309','Barreiras do Piauí','PI'),('543','4','1300508','Barreirinha','AM'),('544','10','2101707','Barreirinhas','MA'),('545','17','2601409','Barreiros','PE'),('546','25','3505500','Barretos','SP'),('547','25','3505609','Barrinha','SP'),('548','6','2302008','Barro','CE'),('549','5','2903235','Barro Alto','BA'),('55','10','2100154','Água Doce do Maranhão','MA'),('550','9','5203203','Barro Alto','GO'),('551','18','2201408','Barro Duro','PI'),('552','5','2903300','Barro Preto','BA'),('553','5','2903276','Barrocas','BA'),('554','27','1703107','Barrolândia','TO'),('555','6','2302057','Barroquinha','CE'),('556','21','4302006','Barros Cassal','RS'),('557','13','3105905','Barroso','MG'),('558','25','3505708','Barueri','SP'),('559','25','3505807','Bastos','SP'),('56','8','3200169','Água Doce do Norte','ES'),('560','12','5001904','Bataguassu','MS'),('561','2','2700706','Batalha','AL'),('562','18','2201507','Batalha','PI'),('563','25','3505906','Batatais','SP'),('564','12','5002001','Batayporã','MS'),('565','6','2302107','Baturité','CE'),('566','25','3506003','Bauru','SP'),('567','15','2501807','Bayeux','PB'),('568','25','3506102','Bebedouro','SP'),('569','6','2302206','Beberibe','CE'),('57','5','2900405','Água Fria','BA'),('570','6','2302305','Bela Cruz','CE'),('571','12','5002100','Bela Vista','MS'),('572','16','4102752','Bela Vista da Caroba','PR'),('573','9','5203302','Bela Vista de Goiás','GO'),('574','13','3106002','Bela Vista de Minas','MG'),('575','10','2101772','Bela Vista do Maranhão','MA'),('576','16','4102802','Bela Vista do Paraíso','PR'),('577','18','2201556','Bela Vista do Piauí','PI'),('578','24','4202131','Bela Vista do Toldo','SC'),('579','10','2101731','Belágua','MA'),('58','9','5200175','Água Fria de Goiás','GO'),('580','2','2700805','Belém','AL'),('581','14','1501402','Belém','PA'),('582','15','2501906','Belém','PB'),('583','17','2601508','Belém de Maria','PE'),('584','15','2502003','Belém do Brejo do Cruz','PB'),('585','18','2201572','Belém do Piauí','PI'),('586','17','2601607','Belém do São Francisco','PE'),('587','19','3300456','Belford Roxo','RJ'),('588','13','3106101','Belmiro Braga','MG'),('589','5','2903409','Belmonte','BA'),('59','9','5200209','Água Limpa','GO'),('590','24','4202156','Belmonte','SC'),('591','5','2903508','Belo Campo','BA'),('592','13','3106200','Belo Horizonte','MG'),('593','17','2601706','Belo Jardim','PE'),('594','2','2700904','Belo Monte','AL'),('595','13','3106309','Belo Oriente','MG'),('596','13','3106408','Belo Vale','MG'),('597','14','1501451','Belterra','PA'),('598','18','2201606','Beneditinos','PI'),('599','10','2101806','Benedito Leite','MA'),('6','6','2300101','Abaiara','CE'),('60','20','2400406','Água Nova','RN'),('600','24','4202206','Benedito Novo','SC'),('601','14','1501501','Benevides','PA'),('602','4','1300607','Benjamin Constant','AM'),('603','21','4302055','Benjamin Constant do Sul','RS'),('604','25','3506201','Bento de Abreu','SP'),('605','20','2401602','Bento Fernandes','RN'),('606','21','4302105','Bento Gonçalves','RS'),('607','10','2101905','Bequimão','MA'),('608','13','3106507','Berilo','MG'),('609','13','3106655','Berizal','MG'),('61','17','2600401','Água Preta','PE'),('610','15','2502052','Bernardino Batista','PB'),('611','25','3506300','Bernardino de Campos','SP'),('612','10','2101939','Bernardo do Mearim','MA'),('613','27','1703206','Bernardo Sayão','TO'),('614','25','3506359','Bertioga','SP'),('615','18','2201705','Bertolínia','PI'),('616','13','3106606','Bertópolis','MG'),('617','4','1300631','Beruri','AM'),('618','17','2601805','Betânia','PE'),('619','18','2201739','Betânia do Piauí','PI'),('62','21','4300059','Água Santa','RS'),('620','13','3106705','Betim','MG'),('621','17','2601904','Bezerros','PE'),('622','13','3106804','Bias Fortes','MG'),('623','13','3106903','Bicas','MG'),('624','24','4202305','Biguaçu','SC'),('625','25','3506409','Bilac','SP'),('626','13','3107000','Biquinhas','MG'),('627','25','3506508','Birigui','SP'),('628','25','3506607','Biritiba-Mirim','SP'),('629','5','2903607','Biritinga','BA'),('63','25','3500303','Aguaí','SP'),('630','16','4102901','Bituruna','PR'),('631','24','4202404','Blumenau','SC'),('632','8','3201001','Boa Esperança','ES'),('633','13','3107109','Boa Esperança','MG'),('634','16','4103008','Boa Esperança','PR'),('635','16','4103024','Boa Esperança do Iguaçu','PR'),('636','25','3506706','Boa Esperança do Sul','SP'),('637','18','2201770','Boa Hora','PI'),('638','5','2903706','Boa Nova','BA'),('639','15','2502102','Boa Ventura','PB'),('64','13','3100807','Aguanil','MG'),('640','16','4103040','Boa Ventura de São Roque','PR'),('641','6','2302404','Boa Viagem','CE'),('642','15','2502151','Boa Vista','PB'),('643','23','1400100','Boa Vista','RR'),('644','16','4103057','Boa Vista da Aparecida','PR'),('645','21','4302154','Boa Vista das Missões','RS'),('646','21','4302204','Boa Vista do Buricá','RS'),('647','21','4302220','Boa Vista do Cadeado','RS'),('648','10','2101970','Boa Vista do Gurupi','MA'),('649','21','4302238','Boa Vista do Incra','RS'),('65','17','2600500','Águas Belas','PE'),('650','4','1300680','Boa Vista do Ramos','AM'),('651','21','4302253','Boa Vista do Sul','RS'),('652','5','2903805','Boa Vista do Tupim','BA'),('653','2','2701001','Boca da Mata','AL'),('654','4','1300706','Boca do Acre','AM'),('655','18','2201804','Bocaina','PI'),('656','25','3506805','Bocaina','SP'),('657','13','3107208','Bocaina de Minas','MG'),('658','24','4202438','Bocaina do Sul','SC'),('659','13','3107307','Bocaiúva','MG'),('66','25','3500402','Águas da Prata','SP'),('660','16','4103107','Bocaiúva do Sul','PR'),('661','20','2401651','Bodó','RN'),('662','17','2602001','Bodocó','PE'),('663','12','5002159','Bodoquena','MS'),('664','25','3506904','Bofete','SP'),('665','25','3507001','Boituva','SP'),('666','17','2602100','Bom Conselho','PE'),('667','13','3107406','Bom Despacho','MG'),('668','10','2102002','Bom Jardim','MA'),('669','17','2602209','Bom Jardim','PE'),('67','24','4200507','Águas de Chapecó','SC'),('670','19','3300506','Bom Jardim','RJ'),('671','24','4202503','Bom Jardim da Serra','SC'),('672','9','5203401','Bom Jardim de Goiás','GO'),('673','13','3107505','Bom Jardim de Minas','MG'),('674','15','2502201','Bom Jesus','PB'),('675','18','2201903','Bom Jesus','PI'),('676','20','2401701','Bom Jesus','RN'),('677','21','4302303','Bom Jesus','RS'),('678','24','4202537','Bom Jesus','SC'),('679','5','2903904','Bom Jesus da Lapa','BA'),('68','25','3500501','Águas de Lindóia','SP'),('680','13','3107604','Bom Jesus da Penha','MG'),('681','5','2903953','Bom Jesus da Serra','BA'),('682','10','2102036','Bom Jesus das Selvas','MA'),('683','9','5203500','Bom Jesus de Goiás','GO'),('684','13','3107703','Bom Jesus do Amparo','MG'),('685','11','5101852','Bom Jesus do Araguaia','MT'),('686','13','3107802','Bom Jesus do Galho','MG'),('687','19','3300605','Bom Jesus do Itabapoana','RJ'),('688','8','3201100','Bom Jesus do Norte','ES'),('689','24','4202578','Bom Jesus do Oeste','SC'),('69','25','3500550','Águas de Santa Bárbara','SP'),('690','16','4103156','Bom Jesus do Sul','PR'),('691','14','1501576','Bom Jesus do Tocantins','PA'),('692','27','1703305','Bom Jesus do Tocantins','TO'),('693','25','3507100','Bom Jesus dos Perdões','SP'),('694','10','2102077','Bom Lugar','MA'),('695','21','4302352','Bom Princípio','RS'),('696','18','2201919','Bom Princípio do Piauí','PI'),('697','21','4302378','Bom Progresso','RS'),('698','13','3107901','Bom Repouso','MG'),('699','24','4202602','Bom Retiro','SC'),('7','5','2900108','Abaíra','BA'),('70','25','3500600','Águas de São Pedro','SP'),('700','21','4302402','Bom Retiro do Sul','RS'),('701','13','3108008','Bom Sucesso','MG'),('702','15','2502300','Bom Sucesso','PB'),('703','16','4103206','Bom Sucesso','PR'),('704','25','3507159','Bom Sucesso de Itararé','SP'),('705','16','4103222','Bom Sucesso do Sul','PR'),('706','24','4202453','Bombinhas','SC'),('707','13','3108107','Bonfim','MG'),('708','23','1400159','Bonfim','RR'),('709','18','2201929','Bonfim do Piauí','PI'),('71','13','3100906','Águas Formosas','MG'),('710','9','5203559','Bonfinópolis','GO'),('711','13','3108206','Bonfinópolis de Minas','MG'),('712','5','2904001','Boninal','BA'),('713','5','2904050','Bonito','BA'),('714','12','5002209','Bonito','MS'),('715','14','1501600','Bonito','PA'),('716','17','2602308','Bonito','PE'),('717','13','3108255','Bonito de Minas','MG'),('718','15','2502409','Bonito de Santa Fé','PB'),('719','9','5203575','Bonópolis','GO'),('72','24','4200556','Águas Frias','SC'),('720','15','2502508','Boqueirão','PB'),('721','21','4302451','Boqueirão do Leão','RS'),('722','18','2201945','Boqueirão do Piauí','PI'),('723','26','2800670','Boquim','SE'),('724','5','2904100','Boquira','BA'),('725','25','3507209','Borá','SP'),('726','25','3507308','Boracéia','SP'),('727','4','1300805','Borba','AM'),('728','15','2502706','Borborema','PB'),('729','25','3507407','Borborema','SP'),('73','9','5200258','Águas Lindas de Goiás','GO'),('730','13','3108305','Borda da Mata','MG'),('731','25','3507456','Borebi','SP'),('732','16','4103305','Borrazópolis','PR'),('733','21','4302501','Bossoroca','RS'),('734','13','3108404','Botelhos','MG'),('735','25','3507506','Botucatu','SP'),('736','13','3108503','Botumirim','MG'),('737','5','2904209','Botuporã','BA'),('738','24','4202701','Botuverá','SC'),('739','21','4302584','Bozano','RS'),('74','24','4200606','Águas Mornas','SC'),('740','24','4202800','Braço do Norte','SC'),('741','24','4202859','Braço do Trombudo','SC'),('742','21','4302600','Braga','RS'),('743','14','1501709','Bragança','PA'),('744','25','3507605','Bragança Paulista','SP'),('745','16','4103354','Braganey','PR'),('746','2','2701100','Branquinha','AL'),('747','13','3108701','Brás Pires','MG'),('748','14','1501725','Brasil Novo','PA'),('749','12','5002308','Brasilândia','MS'),('75','13','3101003','Águas Vermelhas','MG'),('750','13','3108552','Brasilândia de Minas','MG'),('751','16','4103370','Brasilândia do Sul','PR'),('752','27','1703602','Brasilândia do Tocantins','TO'),('753','1','1200104','Brasiléia','AC'),('754','18','2201960','Brasileira','PI'),('755','7','5300108','Brasília','DF'),('756','13','3108602','Brasília de Minas','MG'),('757','11','5101902','Brasnorte','MT'),('758','13','3108909','Brasópolis','MG'),('759','25','3507704','Braúna','SP'),('76','21','4300109','Agudo','RS'),('760','13','3108800','Braúnas','MG'),('761','9','5203609','Brazabrantes','GO'),('762','17','2602407','Brejão','PE'),('763','8','3201159','Brejetuba','ES'),('764','17','2602506','Brejinho','PE'),('765','20','2401800','Brejinho','RN'),('766','27','1703701','Brejinho de Nazaré','TO'),('767','10','2102101','Brejo','MA'),('768','25','3507753','Brejo Alegre','SP'),('769','17','2602605','Brejo da Madre de Deus','PE'),('77','25','3500709','Agudos','SP'),('770','10','2102150','Brejo de Areia','MA'),('771','15','2502805','Brejo do Cruz','PB'),('772','18','2201988','Brejo do Piauí','PI'),('773','15','2502904','Brejo dos Santos','PB'),('774','26','2800704','Brejo Grande','SE'),('775','14','1501758','Brejo Grande do Araguaia','PA'),('776','6','2302503','Brejo Santo','CE'),('777','5','2904308','Brejões','BA'),('778','5','2904407','Brejolândia','BA'),('779','14','1501782','Breu Branco','PA'),('78','16','4100301','Agudos do Sul','PR'),('780','14','1501808','Breves','PA'),('781','9','5203807','Britânia','GO'),('782','21','4302659','Brochier','RS'),('783','25','3507803','Brodowski','SP'),('784','25','3507902','Brotas','SP'),('785','5','2904506','Brotas de Macaúbas','BA'),('786','13','3109006','Brumadinho','MG'),('787','5','2904605','Brumado','BA'),('788','24','4202875','Brunópolis','SC'),('789','24','4202909','Brusque','SC'),('79','8','3200136','Águia Branca','ES'),('790','13','3109105','Bueno Brandão','MG'),('791','13','3109204','Buenópolis','MG'),('792','17','2602704','Buenos Aires','PE'),('793','5','2904704','Buerarema','BA'),('794','13','3109253','Bugre','MG'),('795','17','2602803','Buíque','PE'),('796','1','1200138','Bujari','AC'),('797','14','1501907','Bujaru','PA'),('798','25','3508009','Buri','SP'),('799','25','3508108','Buritama','SP'),('8','5','2900207','Abaré','BA'),('80','15','2500205','Aguiar','PB'),('800','10','2102200','Buriti','MA'),('801','9','5203906','Buriti Alegre','GO'),('802','10','2102309','Buriti Bravo','MA'),('803','9','5203939','Buriti de Goiás','GO'),('804','27','1703800','Buriti do Tocantins','TO'),('805','18','2202000','Buriti dos Lopes','PI'),('806','18','2202026','Buriti dos Montes','PI'),('807','10','2102325','Buriticupu','MA'),('808','9','5203962','Buritinópolis','GO'),('809','5','2904753','Buritirama','BA'),('81','27','1700301','Aguiarnópolis','TO'),('810','10','2102358','Buritirana','MA'),('811','13','3109303','Buritis','MG'),('812','22','1100452','Buritis','RO'),('813','25','3508207','Buritizal','SP'),('814','13','3109402','Buritizeiro','MG'),('815','21','4302709','Butiá','RS'),('816','4','1300839','Caapiranga','AM'),('817','15','2503001','Caaporã','PB'),('818','12','5002407','Caarapó','MS'),('819','5','2904803','Caatiba','BA'),('82','13','3101102','Aimorés','MG'),('820','15','2503100','Cabaceiras','PB'),('821','5','2904852','Cabaceiras do Paraguaçu','BA'),('822','13','3109451','Cabeceira Grande','MG'),('823','9','5204003','Cabeceiras','GO'),('824','18','2202059','Cabeceiras do Piauí','PI'),('825','15','2503209','Cabedelo','PB'),('826','22','1100031','Cabixi','RO'),('827','17','2602902','Cabo de Santo Agostinho','PE'),('828','19','3300704','Cabo Frio','RJ'),('829','13','3109501','Cabo Verde','MG'),('83','5','2900603','Aiquara','BA'),('830','25','3508306','Cabrália Paulista','SP'),('831','25','3508405','Cabreúva','SP'),('832','17','2603009','Cabrobó','PE'),('833','24','4203006','Caçador','SC'),('834','25','3508504','Caçapava','SP'),('835','21','4302808','Caçapava do Sul','RS'),('836','22','1100601','Cacaulândia','RO'),('837','21','4302907','Cacequi','RS'),('838','11','5102504','Cáceres','MT'),('839','5','2904902','Cachoeira','BA'),('84','6','2300408','Aiuaba','CE'),('840','9','5204102','Cachoeira Alta','GO'),('841','13','3109600','Cachoeira da Prata','MG'),('842','9','5204201','Cachoeira de Goiás','GO'),('843','13','3109709','Cachoeira de Minas','MG'),('844','13','3102704','Cachoeira de Pajeú','MG'),('845','14','1502004','Cachoeira do Arari','PA'),('846','14','1501956','Cachoeira do Piriá','PA'),('847','21','4303004','Cachoeira do Sul','RS'),('848','15','2503308','Cachoeira dos Índios','PB'),('849','9','5204250','Cachoeira Dourada','GO'),('85','13','3101201','Aiuruoca','MG'),('850','13','3109808','Cachoeira Dourada','MG'),('851','10','2102374','Cachoeira Grande','MA'),('852','25','3508603','Cachoeira Paulista','SP'),('853','19','3300803','Cachoeiras de Macacu','RJ'),('854','17','2603108','Cachoeirinha','PE'),('855','21','4303103','Cachoeirinha','RS'),('856','27','1703826','Cachoeirinha','TO'),('857','8','3201209','Cachoeiro de Itapemirim','ES'),('858','15','2503407','Cacimba de Areia','PB'),('859','15','2503506','Cacimba de Dentro','PB'),('86','21','4300208','Ajuricaba','RS'),('860','15','2503555','Cacimbas','PB'),('861','2','2701209','Cacimbinhas','AL'),('862','21','4303202','Cacique Doble','RS'),('863','22','1100049','Cacoal','RO'),('864','25','3508702','Caconde','SP'),('865','9','5204300','Caçu','GO'),('866','5','2905008','Caculé','BA'),('867','5','2905107','Caém','BA'),('868','13','3109907','Caetanópolis','MG'),('869','5','2905156','Caetanos','BA'),('87','13','3101300','Alagoa','MG'),('870','13','3110004','Caeté','MG'),('871','17','2603207','Caetés','PE'),('872','5','2905206','Caetité','BA'),('873','5','2905305','Cafarnaum','BA'),('874','16','4103404','Cafeara','PR'),('875','16','4103453','Cafelândia','PR'),('876','25','3508801','Cafelândia','SP'),('877','16','4103479','Cafezal do Sul','PR'),('878','25','3508900','Caiabu','SP'),('879','13','3110103','Caiana','MG'),('88','15','2500304','Alagoa Grande','PB'),('880','9','5204409','Caiapônia','GO'),('881','21','4303301','Caibaté','RS'),('882','24','4203105','Caibi','SC'),('883','15','2503605','Caiçara','PB'),('884','21','4303400','Caiçara','RS'),('885','20','2401859','Caiçara do Norte','RN'),('886','20','2401909','Caiçara do Rio do Vento','RN'),('887','20','2402006','Caicó','RN'),('888','25','3509007','Caieiras','SP'),('889','5','2905404','Cairu','BA'),('89','15','2500403','Alagoa Nova','PB'),('890','25','3509106','Caiuá','SP'),('891','25','3509205','Cajamar','SP'),('892','10','2102408','Cajapió','MA'),('893','10','2102507','Cajari','MA'),('894','25','3509254','Cajati','SP'),('895','15','2503704','Cajazeiras','PB'),('896','18','2202075','Cajazeiras do Piauí','PI'),('897','15','2503753','Cajazeirinhas','PB'),('898','25','3509304','Cajobi','SP'),('899','2','2701308','Cajueiro','AL'),('9','16','4100103','Abatiá','PR'),('90','15','2500502','Alagoinha','PB'),('900','18','2202083','Cajueiro da Praia','PI'),('901','13','3110202','Cajuri','MG'),('902','25','3509403','Cajuru','SP'),('903','17','2603306','Calçado','PE'),('904','3','1600204','Calçoene','AP'),('905','13','3110301','Caldas','MG'),('906','15','2503803','Caldas Brandão','PB'),('907','9','5204508','Caldas Novas','GO'),('908','9','5204557','Caldazinha','GO'),('909','5','2905503','Caldeirão Grande','BA'),('91','17','2600609','Alagoinha','PE'),('910','18','2202091','Caldeirão Grande do Piauí','PI'),('911','16','4103503','Califórnia','PR'),('912','24','4203154','Calmon','SC'),('913','17','2603405','Calumbi','PE'),('914','5','2905602','Camacan','BA'),('915','5','2905701','Camaçari','BA'),('916','13','3110400','Camacho','MG'),('917','15','2503902','Camalaú','PB'),('918','5','2905800','Camamu','BA'),('919','13','3110509','Camanducaia','MG'),('92','18','2200251','Alagoinha do Piauí','PI'),('920','12','5002605','Camapuã','MS'),('921','21','4303509','Camaquã','RS'),('922','17','2603454','Camaragibe','PE'),('923','21','4303558','Camargo','RS'),('924','16','4103602','Cambará','PR'),('925','21','4303608','Cambará do Sul','RS'),('926','16','4103701','Cambé','PR'),('927','16','4103800','Cambira','PR'),('928','24','4203204','Camboriú','SC'),('929','19','3300902','Cambuci','RJ'),('93','5','2900702','Alagoinhas','BA'),('930','13','3110608','Cambuí','MG'),('931','13','3110707','Cambuquira','MG'),('932','14','1502103','Cametá','PA'),('933','6','2302602','Camocim','CE'),('934','17','2603504','Camocim de São Félix','PE'),('935','13','3110806','Campanário','MG'),('936','13','3110905','Campanha','MG'),('937','2','2701357','Campestre','AL'),('938','13','3111002','Campestre','MG'),('939','21','4303673','Campestre da Serra','RS'),('94','25','3500758','Alambari','SP'),('940','9','5204607','Campestre de Goiás','GO'),('941','10','2102556','Campestre do Maranhão','MA'),('942','16','4103909','Campina da Lagoa','PR'),('943','21','4303707','Campina das Missões','RS'),('944','25','3509452','Campina do Monte Alegre','SP'),('945','16','4103958','Campina do Simão','PR'),('946','15','2504009','Campina Grande','PB'),('947','16','4104006','Campina Grande do Sul','PR'),('948','13','3111101','Campina Verde','MG'),('949','9','5204656','Campinaçu','GO'),('95','13','3101409','Albertina','MG'),('950','11','5102603','Campinápolis','MT'),('951','25','3509502','Campinas','SP'),('952','18','2202109','Campinas do Piauí','PI'),('953','21','4303806','Campinas do Sul','RS'),('954','9','5204706','Campinorte','GO'),('955','2','2701407','Campo Alegre','AL'),('956','24','4203303','Campo Alegre','SC'),('957','9','5204805','Campo Alegre de Goiás','GO'),('958','5','2905909','Campo Alegre de Lourdes','BA'),('959','18','2202117','Campo Alegre do Fidalgo','PI'),('96','10','2100204','Alcântara','MA'),('960','13','3111150','Campo Azul','MG'),('961','13','3111200','Campo Belo','MG'),('962','24','4203402','Campo Belo do Sul','SC'),('963','21','4303905','Campo Bom','RS'),('964','16','4104055','Campo Bonito','PR'),('965','26','2801009','Campo do Brito','SE'),('966','13','3111309','Campo do Meio','MG'),('967','16','4104105','Campo do Tenente','PR'),('968','24','4203501','Campo Erê','SC'),('969','13','3111408','Campo Florido','MG'),('97','6','2300507','Alcântaras','CE'),('970','5','2906006','Campo Formoso','BA'),('971','2','2701506','Campo Grande','AL'),('972','12','5002704','Campo Grande','MS'),('973','18','2202133','Campo Grande do Piauí','PI'),('974','16','4104204','Campo Largo','PR'),('975','18','2202174','Campo Largo do Piauí','PI'),('976','9','5204854','Campo Limpo de Goiás','GO'),('977','25','3509601','Campo Limpo Paulista','SP'),('978','16','4104253','Campo Magro','PR'),('979','18','2202208','Campo Maior','PI'),('98','15','2500536','Alcantil','PB'),('980','16','4104303','Campo Mourão','PR'),('981','21','4304002','Campo Novo','RS'),('982','22','1100700','Campo Novo de Rondônia','RO'),('983','11','5102637','Campo Novo do Parecis','MT'),('984','20','2402105','Campo Redondo','RN'),('985','11','5102678','Campo Verde','MT'),('986','13','3111507','Campos Altos','MG'),('987','9','5204904','Campos Belos','GO'),('988','21','4304101','Campos Borges','RS'),('989','11','5102686','Campos de Júlio','MT'),('99','12','5000252','Alcinópolis','MS'),('990','25','3509700','Campos do Jordão','SP'),('991','19','3301009','Campos dos Goytacazes','RJ');

#
# Structure for table "assaltos_latlng"
#

DROP TABLE IF EXISTS `assaltos_latlng`;
CREATE TABLE `assaltos_latlng` (
  `id_assalto` int(11) NOT NULL AUTO_INCREMENT,
  `id_email` int(11) NOT NULL,
  `latitude` varchar(25) NOT NULL DEFAULT '',
  `longitude` varchar(25) NOT NULL DEFAULT '',
  `sexo_vitima` varchar(20) NOT NULL DEFAULT '',
  `tipo_assalto` varchar(100) NOT NULL,
  `hora_assalto` varchar(20) NOT NULL,
  `data_assalto` varchar(20) NOT NULL,
  `idCidade` varchar(5) DEFAULT '',
  PRIMARY KEY (`id_assalto`),
  KEY `idCidade` (`idCidade`),
  CONSTRAINT `assaltos_latlng_ibfk_1` FOREIGN KEY (`idCidade`) REFERENCES `cidade` (`Id`)
) ENGINE=InnoDB AUTO_INCREMENT=405 DEFAULT CHARSET=latin1 ROW_FORMAT=COMPACT;

#
# Data for table "assaltos_latlng"
#

INSERT INTO `assaltos_latlng` VALUES (308,257,'-7.22605263402118','-35.87613042443991','Outros','Arrobamento domiciliar','08:45','08/09/2004','946'),(309,258,'-7.225838098435077','-35.8763188496232','Outros','Furto','09:23','05/04/2014','946'),(332,272,'-7.228351318226177','-35.85474081337452','Masculino','Furto','11:25','23/05/2015 ','946'),(345,272,'-7.302863440982191','-35.844798535108566','Masculino','Furto','22:55','23/05/2015 ','946'),(346,272,'-6.968238990814184','-35.68194653838873','Não informado','Furto','23:6','23/05/2015 ','946'),(347,272,'-7.558645650226542','-35.68297449499369','Não informado','Furto','00:05','23/05/2015 ','946'),(348,272,'-7.232041295584862','-35.743656791746616','Masculino','Furto','23:05','23/05/2015 ','946'),(349,272,'-7.498422968159431','-35.75839955359697','Masculino','Tentativa de assalto','23:44','23/05/2015 ','946'),(350,273,'-7.383093094974508','-35.66617414355278','Não informado','Arrobamento loja comercial','23:47','23/05/2015 ','946'),(351,272,'-7.377295982350625','-35.65074607729912','Não informado','Furto','13:46','24/05/2015 ','946'),(352,272,'-7.410282150635057','-35.65246034413576','Não informado','Furto','13:52','24/05/2015 ','946'),(353,272,'-7.444626568859333','-35.71382962167263','Masculino','Arrobamento loja comercial','16:02','24/05/2015 ','946'),(355,272,'-7.6432097175670535','-35.637717582285404','Masculino','Furto','16:24','24/05/2015 ','946'),(356,272,'-7.504191555669529','-35.769027806818485','Masculino','Arrobamento loja comercial','17:08','24/05/2015 ','946'),(357,272,'-7.318775648668332','-35.90890936553478','Masculino','Furto','20:10','23/05/2013 ','946'),(358,272,'-7.406200657438766','-35.864681750535965','Masculino','Furto','18:16','24/05/2015 ','946'),(359,272,'-7.2594158338529375','-35.773794427514076','Masculino','Furto','17:18','24/05/2015 ','946'),(360,272,'-7.635609344453817','-35.93505050987005','Masculino','Furto','17:34','24/05/2015 ','946'),(376,12,'-7.081061386019509','-35.96344370394945','Feminino','Furto','19:49','28/05/2015 ','946'),(377,16,'-7.019398477505956','-35.860933028161526','Feminino','Furto','19:56','28/05/2015 ','946'),(378,17,'-7.06183016644563','-35.76347127556801','Feminino','Furto','19:58','28/05/2017 ','946'),(379,18,'-7.1349819763012485','-35.61776127666235','Masculino','Roubo','20:01','28/05/2015 ','946'),(380,19,'-7.315854235243921','-35.29569402337074','Masculino','Furto','20:02','28/05/2015 ','946'),(381,21,'-7.259043334444842','-35.909457206726074','Masculino','Furto','20:12','28/05/2015 ','946'),(382,22,'-7.123504710509227','-35.42797990143299','Masculino','Furto','20:13','28/05/2015 ','946'),(383,25,'-7.285390586705238','-35.606994554400444','Masculino','Furto','20:21','28/05/2015 ','946'),(384,26,'-7.118795152444681','-34.845762848854065','Masculino','Assalto a grupo','20:23','28/05/2015 ','946'),(385,27,'-7.173231571103593','-35.332970693707466','Masculino','Furto','20:26','28/05/2015 ','946'),(386,28,'-7.214385076498009','-35.90783413499594','Feminino','Arrobamento veicular','20:38','28/06/2015 ','946'),(387,0,'-7.213518595843652','-35.910793617367744','Masculino','Furto e Teste Banco Nuvens','20:50','28/05/2015 ','946'),(388,7,'-7.213514271751781','-35.9104573354125','Não informado','Furto','20:55','28/05/2018 ','946'),(389,30,'-7.108249705764308','-35.86933806538582','Masculino','Furto','20:54','28/05/2015 ','946'),(390,31,'-7.303767328356764','-35.478152967989445','Masculino','Arrobamento domiciliar','17:37','29/05/2015 ','946'),(391,32,'-7.228396886004957','-35.87895277887583','Feminino','Arrobamento loja comercial','17:51','24/05/2015 ','946'),(392,33,'-7.083374109213658','-34.84938718378544','Feminino','Roubo','17:53','29/05/2015 ','946'),(393,34,'-7.329188161997339','-35.333313681185246','Masculino','Tentativa de assalto','17:56','29/05/2015 ','946'),(394,35,'-7.153271683090765','-34.854216165840626','Masculino','Roubo','11:19','4/06/2015 ','946'),(395,36,'-7.156901725884291','-35.854526571929455','Feminino','Furto','12:02','4/06/2015 ','946'),(396,37,'-7.222059261906295','-35.88821779936552','Masculino','Furto','12:06','4/06/2015 ','946'),(397,38,'-7.209539415982246','-35.91750752180815','Feminino','Arrobamento veicular','20:21','9/06/2015 ','946'),(398,39,'-7.179078889876381','-35.748446211218834','Feminino','Furto','20:25','10/06/2015 ','946'),(399,40,'-7.276492604680773','-35.88887594640255','Feminino','Furto','20:27','10/06/2015 ','946'),(400,41,'-7.040388704787562','-35.63007026910782','Masculino','Furto','20:28','10/06/2015 ','946'),(401,42,'-7.354720933598686','-35.44268276542425','Feminino','Arrobamento veicular','20:44','10/05/2015 ','946'),(402,43,'-7.355703189762446','-35.45095905661583','Feminino','Roubo','20:40','10/06/2015 ','946'),(403,44,'-7.225034836382568','-35.88873412460089','Feminino','Arrobamento domiciliar','20:47','10/07/2015 ','946'),(404,45,'-7.2243496510604','-35.89462526142597','Masculino','Assalto a grupo','22:10','21/08/2015 ','946');

#
# Structure for table "estado"
#

DROP TABLE IF EXISTS `estado`;
CREATE TABLE `estado` (
  `Id` varchar(25) NOT NULL,
  `CodigoUf` varchar(25) NOT NULL,
  `Nome` varchar(25) NOT NULL,
  `Uf` varchar(25) NOT NULL,
  `Regiao` varchar(20) NOT NULL,
  PRIMARY KEY (`Id`),
  CONSTRAINT `fk_idCidade` FOREIGN KEY (`Id`) REFERENCES `cidade` (`Id`)
) ENGINE=InnoDB DEFAULT CHARSET=latin1;

#
# Data for table "estado"
#

INSERT INTO `estado` VALUES ('1','12','Acre','AC','Norte'),('10','21','Maranhão','MA','Nordeste'),('11','51','Mato Grosso','MT','Centro-Oeste'),('12','50','Mato Grosso do Sul','MS','Centro-Oeste'),('13','31','Minas Gerais','MG','Sudeste'),('14','15','Pará','PA','Nordeste'),('15','25','Paraíba','PB','Nordeste'),('16','41','Paraná','PR','Sul'),('17','26','Pernambuco','PE','Nordeste'),('18','22','Piauí','PI','Nordeste'),('19','33','Rio de Janeiro','RJ','Sudeste'),('2','27','Alagoas','AL','Nordeste'),('20','24','Rio Grande do Norte','RN','Nordeste'),('21','43','Rio Grande do Sul','RS','Sul'),('22','11','Rondônia','RO','Norte'),('23','14','Roraima','RR','Norte'),('24','42','Santa Catarina','SC','Sul'),('25','35','São Paulo','SP','Sudeste'),('26','28','Sergipe','SE','Nordeste'),('27','17','Tocantins','TO','Norte'),('3','16','Amapá','AP','Norte'),('4','13','Amazonas','AM','Norte'),('5','29','Bahia','BA','Nordeste'),('6','23','Ceará','CE','Nordeste'),('7','53','Distrito Federal','DF','Centro-Oeste'),('8','32','Espírito Santo','ES','Sudeste'),('9','52','Goiás','GO','Centro-Oeste');

#
# Structure for table "itens_assalto"
#

DROP TABLE IF EXISTS `itens_assalto`;
CREATE TABLE `itens_assalto` (
  `id_item` int(11) NOT NULL AUTO_INCREMENT,
  `id_assalto` int(11) NOT NULL,
  `descricao` varchar(200) NOT NULL,
  PRIMARY KEY (`id_item`),
  KEY `id_assalto` (`id_assalto`)
) ENGINE=InnoDB AUTO_INCREMENT=31 DEFAULT CHARSET=latin1;

#
# Data for table "itens_assalto"
#

INSERT INTO `itens_assalto` VALUES (1,375,'Carteira'),(2,376,'Celular/Documentos/Bicicleta/Outros Itens'),(3,377,'/Documentos/Bicicleta/Relógio'),(4,378,'/Carteira/Bolsa ou Mochila/Celular/Documentos/Bicicleta/Relógio/Cartão de Crédito'),(5,379,'Tablet'),(6,380,'Carteira/Bolsa ou Mochila'),(7,381,'Tablet/Dinheiro'),(8,382,'Relógio/Cartão de Crédito/Tablet'),(9,383,'/Carteira/Bolsa ou Mochila/Celular/Documentos'),(10,384,'/Celular/Documentos/Bicicleta'),(11,385,'/Documentos/Bicicleta'),(12,386,'/Carteira/Bolsa ou Mochila/Celular/Documentos/Bicicleta/Relógio/Cartão de Crédito/Tablet/Dinheiro/Outros Itens'),(13,387,'/Documentos'),(14,388,'/Documentos'),(15,389,'/Bicicleta'),(16,390,'/Carteira/Bolsa ou Mochila/Celular/Documentos/Bicicleta/Relógio/Cartão de Crédito/Tablet/Dinheiro/Outros Itens'),(17,391,'/Carteira/Bicicleta'),(18,392,'/Bolsa ou Mochila/Celular'),(19,393,'/Bolsa ou Mochila/Celular/Dinheiro'),(20,394,'/Carteira/Bicicleta/Relógio'),(21,395,'/Bolsa ou Mochila/Documentos/Relógio'),(22,396,'Celular/Documentos/Relógio'),(23,397,'/Carteira/Bolsa ou Mochila/Celular/Documentos/Bicicleta/Relógio/Cartão de Crédito/Tablet/Dinheiro/Outros Itens'),(24,398,'/Carteira/Bolsa ou Mochila/Celular/Documentos/Bicicleta'),(25,399,'/Relógio/Cartão de Crédito'),(26,400,'/Celular/Documentos'),(27,401,'/Carteira/Bolsa ou Mochila/Celular/Documentos/Bicicleta'),(28,402,'/Bicicleta/Relógio'),(29,403,'/Carteira/Bolsa ou Mochila/Celular/Documentos/Bicicleta/Relógio'),(30,404,'Carteira/Celular/Documentos/Bicicleta/Relógio/Cartão de Crédito/Tablet');

#
# Structure for table "usuarios"
#

DROP TABLE IF EXISTS `usuarios`;
CREATE TABLE `usuarios` (
  `id` int(11) NOT NULL AUTO_INCREMENT,
  `email` varchar(200) NOT NULL,
  PRIMARY KEY (`id`),
  UNIQUE KEY `email` (`email`)
) ENGINE=InnoDB AUTO_INCREMENT=46 DEFAULT CHARSET=latin1;

#
# Data for table "usuarios"
#

INSERT INTO `usuarios` VALUES (1,'sam@aux.com'),(2,'joe@alen.com'),(3,'ana@ana.com'),(4,'gigabit@ig.com'),(5,'alemao@all.com'),(6,'ighor@a.com'),(7,'a@a.com'),(8,'pacco@ai.com'),(9,'allby@a.com'),(10,'ana@a.com'),(11,'adamm@a.com'),(12,'alannn@a.com'),(13,'gilvan@a.com'),(14,'alammm@a.com'),(15,'alvin@a.com'),(16,'alex@a.com'),(17,'afil@a.com'),(18,'agil@a.com'),(19,'adli@a.com'),(20,'adamo@a.com'),(21,'avill@a.com'),(22,'agail@a.com'),(23,'aeee@a.com'),(24,'agan@a.com'),(25,'adava@a.com'),(26,'ahana@a.com'),(27,'call@a.com'),(28,'sss@a.com'),(30,'pilombbeta@golado.com'),(31,'abgail@gmail.com'),(32,'hallfill@khan.com'),(33,'pacco@aron.com'),(34,'ackhan@a.com'),(35,'alvin@alvin.com'),(36,'baltan@all.com'),(37,'lima@limao.com'),(38,'amil@agil.com'),(39,'saracura@a.com'),(40,'emm@a.com'),(41,'sergi@a.com'),(42,'general@a.com'),(43,'acab@a.com'),(44,'larissa@a.com'),(45,'chico@gmail.com'),(46,'val@dock.gholl.com'),(48,'vall@dock.gholl.com'),(49,'jose@dock.gholl.com'),(50,'kamiill@dock.gholl.com'),(51,'james@dock.gholl.com');
